,City,Cloudiness,Country,Date,Humidity,Lat,Lng,Max Temp,Wind Speed
0,butaritari,97,KI,1577668184,75,3.07,172.79,301.94,5.61
1,fort nelson,90,CA,1577668184,76,58.81,-122.69,253.15,1.0
2,salalah,39,OM,1577668184,69,17.01,54.1,298.15,4.1
3,dikson,100,RU,1577668185,94,73.51,80.55,254.16,13.59
4,jamestown,42,AU,1577668176,18,-33.21,138.6,309.13,9.52
5,castro,90,CL,1577668009,67,-42.48,-73.76,288.15,2.1
6,saskylakh,69,RU,1577668185,93,71.97,114.09,241.37,3.58
7,galesong,20,ID,1577668185,88,-5.32,119.37,300.15,1.5
8,ngunguru,0,NZ,1577668185,61,-35.62,174.5,298.15,3.13
9,ruteng,100,ID,1577668105,70,-8.61,120.46,298.79,0.67
10,honningsvag,99,NO,1577668186,74,70.98,25.97,274.55,5.96
11,sinnamary,93,GF,1577668186,80,5.38,-52.96,299.64,7.54
12,bluff,27,AU,1577668187,56,-23.58,149.07,300.61,6.53
13,albany,90,US,1577667967,80,42.65,-73.75,275.37,2.1
14,sao filipe,17,CV,1577668187,66,14.9,-24.5,295.63,5.97
15,rikitea,94,PF,1577668188,76,-23.12,-134.97,298.36,3.82
16,khatanga,90,RU,1577668188,96,71.98,102.47,238.77,3.08
17,pisco,43,PE,1577668189,88,-13.71,-76.2,294.15,8.2
18,acapulco,75,MX,1577668189,78,16.86,-99.88,301.15,3.1
19,hasaki,75,JP,1577668189,80,35.73,140.83,279.26,1.5
20,new norfolk,7,AU,1577668190,30,-42.78,147.06,309.82,2.6
21,bethel,1,US,1577668190,68,60.79,-161.76,247.15,7.2
22,lebu,20,ET,1577668190,58,8.96,38.73,286.15,5.1
23,barstow,1,US,1577668190,33,31.46,-103.39,281.15,4.1
24,bogande,0,BF,1577668190,16,12.97,-0.14,292.77,3.9
25,ilulissat,40,GL,1577668191,72,69.22,-51.1,265.15,4.6
26,hilo,40,US,1577668066,58,19.71,-155.08,301.15,5.7
27,altay,75,CN,1577668191,29,47.83,88.13,259.41,1.97
28,ostrovnoy,69,RU,1577668191,89,68.05,39.51,272.87,8.45
29,harper,1,US,1577668191,45,30.3,-99.24,284.82,4.37
30,carnarvon,3,ZA,1577668192,52,-30.97,22.13,288.61,0.3
31,puerto ayora,75,EC,1577668192,83,-0.74,-90.35,298.15,1.5
32,san patricio,0,PY,1577668192,43,-26.98,-56.83,302.87,2.35
33,arraial do cabo,20,BR,1577668192,88,-22.97,-42.02,298.15,4.6
34,tasiilaq,9,GL,1577668193,53,65.61,-37.64,268.15,3.1
35,yar-sale,99,RU,1577668193,90,66.83,70.83,263.25,6.09
36,kikerino,90,RU,1577668193,92,59.47,29.63,272.15,6.0
37,saint-philippe,75,CA,1577668185,68,45.36,-73.48,272.04,7.2
38,nalut,75,LY,1577668194,68,31.86,10.98,280.81,3.88
39,pichayevo,22,RU,1577668194,78,51.79,41.22,266.6,1.57
40,port alfred,27,ZA,1577668179,96,-33.59,26.89,293.71,0.45
41,contratacion,88,CO,1577668195,99,6.29,-73.47,291.51,0.44
42,balabac,79,PH,1577668195,78,7.99,117.06,300.33,7.43
43,nikolskoye,90,RU,1577668196,92,59.7,30.79,273.15,6.0
44,kodiak,90,US,1577668196,80,39.95,-94.76,274.82,7.7
45,the valley,75,AI,1577668196,100,18.22,-63.06,298.15,7.2
46,cherskiy,82,RU,1577668196,100,68.75,161.3,235.41,0.56
47,esperance,75,AU,1577668181,42,-33.86,121.89,292.15,7.2
48,tripoli,100,GR,1577668197,42,37.51,22.37,282.04,2.1
49,bredasdorp,100,ZA,1577668197,77,-34.53,20.04,293.15,3.1
50,nuevitas,20,CU,1577668197,100,21.55,-77.27,296.15,4.1
51,faya,59,SA,1577668198,81,18.39,42.45,283.15,2.6
52,qaanaaq,100,GL,1577668198,92,77.48,-69.36,251.87,1.31
53,griffith,52,AU,1577668199,10,-34.29,146.06,312.59,9.3
54,noumea,75,NC,1577667954,58,-22.28,166.46,301.15,12.3
55,cape town,1,ZA,1577668200,77,-33.93,18.42,292.59,7.2
56,barrow,100,AR,1577668200,83,-38.31,-60.23,294.03,5.21
57,okhotsk,100,RU,1577668200,72,59.36,143.24,258.16,2.55
58,mataura,100,NZ,1577668200,73,-46.19,168.86,288.71,10.28
59,constitucion,5,MX,1577668187,18,23.99,-104.67,289.15,5.7
60,sonoita,1,US,1577667967,41,31.68,-110.66,282.15,1.5
61,bell ville,100,AR,1577668201,95,-32.63,-62.69,295.37,4.02
62,iralaya,75,HN,1577668202,83,15.0,-83.23,300.15,4.1
63,sibu,75,MY,1577668202,94,2.29,111.83,296.15,0.5
64,ushuaia,20,AR,1577667937,43,-54.81,-68.31,286.15,2.6
65,dingle,10,PH,1577668202,85,11.0,122.67,297.81,4.78
66,kamenka,93,MD,1577668203,89,48.03,28.7,271.48,2.91
67,atuona,24,PF,1577668203,73,-9.8,-139.03,300.28,5.61
68,karratha,9,AU,1577668203,85,-20.74,116.85,302.63,7.96
69,cabo san lucas,5,MX,1577668129,68,22.89,-109.91,293.71,3.1
70,port lincoln,32,AU,1577668175,39,-34.72,135.86,302.95,9.53
71,yellowknife,75,CA,1577668023,75,62.45,-114.38,245.37,1.0
72,busselton,38,AU,1577668180,61,-33.64,115.35,292.04,1.79
73,saint anthony,90,US,1577667927,73,43.97,-111.68,266.48,2.1
74,murshidabad,55,IN,1577668205,51,24.17,88.27,284.78,3.45
75,geraldton,90,CA,1577668205,85,49.72,-86.95,264.15,8.2
76,carmen,75,PH,1577668205,74,7.36,125.71,300.15,2.1
77,ishigaki,75,JP,1577668206,100,24.34,124.16,293.15,12.9
78,seydi,0,NE,1577668207,20,13.34,7.75,288.72,4.17
79,yulara,83,AU,1577668208,38,-25.24,130.99,306.15,5.7
80,sistranda,75,NO,1577668208,93,63.73,8.83,282.59,17.0
81,aden,28,YE,1577668065,68,12.79,45.03,295.96,2.34
82,at-bashi,100,KG,1577668209,62,41.17,75.81,259.07,0.5
83,upernavik,100,GL,1577668209,85,72.79,-56.15,263.08,6.61
84,munsingen,0,DE,1577668209,92,48.41,9.5,271.48,0.5
85,tautira,40,PF,1577668209,70,-17.73,-149.15,303.15,8.7
86,prince rupert,75,CA,1577668209,81,54.32,-130.32,280.15,3.1
87,mahebourg,75,MU,1577668210,94,-20.41,57.7,298.15,12.3
88,avarua,100,CK,1577668159,88,-21.21,-159.78,297.15,1.5
89,thompson,20,CA,1577668210,77,55.74,-97.86,255.15,1.5
90,riverton,1,US,1577668206,56,43.02,-108.38,263.15,3.6
91,cidreira,28,BR,1577668210,90,-30.17,-50.22,297.19,9.35
92,itarema,66,BR,1577668211,77,-2.92,-39.92,299.37,3.3
93,haines junction,100,CA,1577668211,95,60.75,-137.51,267.55,5.44
94,mackenzie,90,CA,1577668213,86,55.34,-123.09,271.15,1.5
95,vardo,90,US,1577668213,100,39.62,-77.74,283.15,2.1
96,fayetteville,90,US,1577668166,69,36.06,-94.16,278.15,6.2
97,evensk,0,RU,1577668213,38,61.92,159.24,250.37,2.11
98,hobart,0,AU,1577668174,30,-42.88,147.33,309.82,2.6
99,victoria,75,BN,1577667919,83,5.28,115.24,302.15,2.1
100,meulaboh,0,ID,1577668214,81,4.14,96.13,300.06,3.34
101,bathsheba,20,BB,1577668214,78,13.22,-59.52,299.15,4.1
102,remontnoye,10,RU,1577668214,100,46.56,43.66,272.15,4.0
103,katangli,17,RU,1577668214,86,51.71,143.23,252.86,0.7
104,cartagena,90,ES,1577668215,100,37.63,-1.0,283.15,1.5
105,matadi,100,CD,1577668215,97,-5.83,13.46,296.42,1.45
106,sao joao da barra,17,BR,1577668215,83,-21.64,-41.05,297.89,4.78
107,inuvik,75,CA,1577668215,75,68.36,-133.71,245.15,4.1
108,sola,44,TZ,1577668216,89,-3.17,33.8,290.96,2.23
109,asosa,0,ET,1577668216,39,10.07,34.53,292.15,2.53
110,kysyl-syr,94,RU,1577668217,98,63.9,122.77,238.28,2.41
111,guerrero negro,0,MX,1577668217,38,27.97,-114.04,290.05,4.17
112,aneho,20,TG,1577668217,83,6.23,1.6,300.15,2.1
113,lagoa,0,PT,1577668217,81,37.14,-8.45,286.48,3.6
114,srednekolymsk,0,RU,1577668218,88,67.46,153.71,236.09,0.67
115,iqaluit,40,CA,1577668218,76,63.75,-68.52,253.15,1.5
116,kapaa,75,US,1577668218,74,22.08,-159.32,301.15,5.1
117,namatanai,11,PG,1577668218,71,-3.66,152.44,302.25,2.15
118,parit buntar,20,MY,1577668219,78,5.13,100.49,300.15,1.5
119,nam som,20,TH,1577668219,100,17.77,102.19,292.59,0.46
120,bambous virieux,75,MU,1577668219,94,-20.34,57.76,298.15,12.3
121,niquero,13,CU,1577668221,87,20.04,-77.58,296.57,0.28
122,punta arenas,0,CL,1577668222,41,-53.16,-70.91,288.15,6.7
123,avera,90,US,1577668222,88,33.19,-82.53,295.15,4.1
124,ylivieska,100,FI,1577668222,94,64.07,24.53,276.48,3.58
125,marsa matruh,40,EG,1577668222,76,31.35,27.25,282.15,6.7
126,kaitangata,100,NZ,1577668222,67,-46.28,169.85,288.15,8.49
127,tura,59,RU,1577668222,91,64.27,100.22,239.63,2.51
128,kishtwar,6,IN,1577668223,22,33.31,75.77,262.85,3.7
129,oriximina,100,BR,1577667945,78,-1.77,-55.87,300.11,1.49
130,oyon,100,PE,1577668223,96,-10.67,-76.77,279.86,2.45
131,havelock,75,US,1577668224,77,34.88,-76.9,294.15,3.1
132,kelso,100,GB,1577668224,76,55.6,-2.43,284.82,3.1
133,tuatapere,99,NZ,1577668224,73,-46.13,167.69,288.71,10.73
134,grindavik,20,IS,1577668224,86,63.84,-22.43,275.15,3.1
135,zhangye,18,CN,1577668224,58,38.94,100.46,264.21,0.89
136,east london,10,ZA,1577668225,81,-33.02,27.91,295.05,2.53
137,lagos,0,NG,1577668225,88,6.46,3.39,297.15,1.0
138,imbituba,40,BR,1577668226,83,-28.24,-48.67,299.15,4.6
139,codrington,87,AU,1577668178,42,-28.95,153.24,301.15,3.6
140,mount gambier,11,AU,1577668193,24,-37.83,140.78,307.15,7.7
141,villanueva de cordoba,0,ES,1577668226,93,38.32,-4.63,278.15,1.3
142,laguna,40,BZ,1577668186,83,16.17,-88.94,299.15,1.43
143,mayo,90,CA,1577668227,75,63.59,-135.9,248.15,1.5
144,portobelo,40,PA,1577668227,88,9.55,-79.65,301.15,1.5
145,salinas,90,US,1577668227,93,36.67,-121.66,285.37,1.8
146,vaini,15,IN,1577668227,88,15.34,74.49,291.15,1.63
147,jalu,0,LY,1577668228,65,29.03,21.55,281.78,7.31
148,dori,0,BF,1577668228,15,14.03,-0.03,293.27,3.86
149,tuktoyaktuk,40,CA,1577668180,74,69.44,-133.03,243.15,5.7
150,sitka,95,US,1577668228,74,37.17,-99.65,273.71,3.58
151,hithadhoo,90,MV,1577668178,72,-0.6,73.08,301.41,3.86
152,manlleu,40,ES,1577668228,93,42.0,2.28,285.37,0.5
153,narsaq,98,GL,1577668229,85,60.91,-46.05,269.15,1.5
154,manadhoo,100,MV,1577668229,79,5.77,73.38,300.42,6.0
155,lompoc,1,US,1577668229,71,34.64,-120.46,287.15,2.1
156,la ronge,75,CA,1577668199,92,55.1,-105.3,267.15,2.6
157,santana do acarau,89,BR,1577668230,76,-3.46,-40.21,298.99,3.57
158,hermanus,72,ZA,1577668230,89,-34.42,19.24,292.04,0.89
159,chuy,39,UY,1577668210,92,-33.69,-53.46,294.95,2.17
160,sol-iletsk,98,RU,1577668230,96,51.16,55.0,265.37,1.77
161,ojinaga,1,US,1577668231,29,29.56,-104.41,283.15,2.6
162,alofi,100,NU,1577668160,79,-19.06,-169.92,299.76,9.21
163,methoni,6,GR,1577668231,42,36.82,21.7,282.04,2.1
164,severo-kurilsk,100,RU,1577668201,92,50.68,156.12,269.32,6.58
165,saint george,90,GR,1577668193,60,39.45,22.34,278.15,4.6
166,praya,40,ID,1577668232,83,-8.71,116.27,301.15,1.5
167,moscow,90,RU,1577667943,92,55.75,37.62,270.37,6.0
168,taoudenni,0,ML,1577668232,20,22.68,-3.98,290.4,6.54
169,namibe,100,AO,1577668232,84,-15.19,12.15,296.17,3.3
170,longyearbyen,0,NO,1577668233,60,78.22,15.63,261.15,9.8
171,ihosy,60,MG,1577668233,88,-22.4,46.13,291.92,4.49
172,broken hill,26,AU,1577668233,10,-31.97,141.45,312.15,8.7
173,french harbor,20,HN,1577668233,88,16.35,-86.43,300.15,6.2
174,touros,40,BR,1577668234,74,-5.2,-35.46,300.15,6.2
175,goure,0,NE,1577668234,25,13.98,10.27,290.93,3.58
176,turukhansk,100,RU,1577668234,96,65.8,87.96,248.77,5.55
177,nanortalik,99,GL,1577668234,69,60.14,-45.24,270.62,2.74
178,muslyumovo,0,RU,1577668235,93,55.31,53.19,251.9,2.33
179,opuwo,99,NA,1577668235,63,-18.06,13.84,293.9,2.8
180,alyangula,40,AU,1577668235,70,-13.85,136.42,304.15,3.1
181,gujar khan,90,PK,1577668236,100,33.26,73.31,277.04,1.5
182,hamilton,90,CA,1577668184,100,43.26,-79.87,276.48,10.8
183,parana,74,BR,1577668236,96,-7.52,-72.89,296.81,1.93
184,ulaanbaatar,0,MN,1577668189,58,47.92,106.92,233.15,1.18
185,ploemeur,40,FR,1577668237,100,47.73,-3.43,278.71,2.1
186,taitung,90,TW,1577668237,100,22.76,121.15,294.15,1.5
187,ler,75,NO,1577668237,93,63.2,10.3,281.15,17.0
188,aklavik,75,CA,1577668180,75,68.22,-135.01,245.15,4.1
189,calvinia,0,ZA,1577668237,35,-31.47,19.78,290.76,2.28
190,pacific grove,90,US,1577668238,93,36.62,-121.92,285.37,7.6
191,samarai,30,PG,1577668238,58,-10.62,150.67,302.9,2.08
192,seoul,90,KR,1577668221,100,37.57,126.98,279.15,0.5
193,ponta do sol,43,BR,1577668238,83,-20.63,-46.0,293.21,2.18
194,san quintin,0,PH,1577668239,78,17.54,120.52,295.13,2.12
195,tual,100,ID,1577668239,70,-5.67,132.75,302.17,3.44
196,quatre cocos,75,MU,1577668239,94,-20.21,57.76,298.15,12.3
197,homer,90,US,1577668239,86,59.64,-151.54,276.15,3.1
198,yinchuan,3,CN,1577668240,55,38.48,106.21,259.38,3.55
199,chokurdakh,19,RU,1577668240,86,70.62,147.9,239.27,3.87
200,port elizabeth,90,US,1577668240,93,39.31,-74.98,284.26,4.1
201,lima,40,PE,1577667950,88,-12.06,-77.04,294.15,5.1
202,nara,75,JP,1577668241,93,34.68,135.8,283.15,2.6
203,georgetown,20,GY,1577668241,78,6.8,-58.16,300.15,2.1
204,la palma,83,CO,1577668241,96,5.36,-74.39,295.16,0.84
205,cotacachi,75,EC,1577668241,82,0.3,-78.27,289.15,4.6
206,aksarka,100,RU,1577668242,77,66.56,67.8,262.74,7.77
207,bay roberts,90,CA,1577668242,92,47.58,-53.28,273.15,9.8
208,luderitz,0,NA,1577668243,93,-26.65,15.16,289.43,8.75
209,tortoli,20,IT,1577668243,57,39.93,9.66,283.15,20.6
210,borba,100,BR,1577668243,95,-4.39,-59.59,297.79,0.9
211,pevek,100,RU,1577668243,99,69.7,170.27,242.08,3.21
212,shetpe,95,KZ,1577668243,94,44.14,52.16,276.88,0.47
213,lipin bor,100,RU,1577668244,87,60.26,37.97,267.21,6.24
214,rudsar,63,IR,1577668026,81,37.14,50.29,282.15,1.0
215,lakes entrance,56,AU,1577668227,15,-37.88,147.99,311.48,10.28
216,kentau,100,KZ,1577668244,87,43.52,68.5,270.38,1.02
217,san lazaro,40,BZ,1577668244,88,18.04,-88.66,299.15,2.6
218,mae hong son,90,MM,1577668245,93,19.3,97.96,292.15,1.05
219,songjianghe,100,CN,1577668245,93,42.18,127.48,261.9,1.34
220,bogotol,100,RU,1577668245,86,56.21,89.53,255.96,2.07
221,mega,97,ET,1577668245,36,4.06,38.32,292.44,3.33
222,bronnoysund,92,NO,1577668245,81,65.46,12.2,280.15,9.3
223,alice springs,25,AU,1577668245,20,-23.7,133.88,309.15,2.6
224,bassano del grappa,0,IT,1577668246,68,45.77,11.73,274.82,2.1
225,souillac,54,FR,1577668246,93,45.6,-0.6,277.04,1.0
226,hambantota,40,LK,1577668246,100,6.12,81.12,294.15,2.1
227,sorland,99,NO,1577668246,78,67.67,12.69,280.06,15.51
228,husavik,100,CA,1577668247,94,50.56,-96.99,262.59,4.47
229,berdigestyakh,17,RU,1577668247,98,62.1,126.7,235.86,1.97
230,madras,90,US,1577668247,100,44.63,-121.13,272.59,3.1
231,solnechnyy,100,RU,1577668247,97,50.72,136.64,254.19,0.83
232,honiara,20,SB,1577668247,62,-9.43,159.96,304.15,3.1
233,necochea,100,AR,1577668196,1,-38.55,-58.74,294.82,2.24
234,redmond,75,US,1577668199,87,47.67,-122.12,283.15,2.1
235,kapuskasing,90,CA,1577668248,79,49.42,-82.43,267.15,6.2
236,naze,25,NG,1577668249,83,5.43,7.07,294.15,1.61
237,tabuk,0,PH,1577668249,76,17.41,121.44,296.09,1.34
238,nouadhibou,100,MR,1577668249,52,20.93,-17.03,291.15,4.1
239,marabba,0,SD,1577668249,18,12.35,32.18,290.98,3.63
240,juybar,0,IR,1577668250,93,36.64,52.91,278.15,1.0
241,kamen-na-obi,100,RU,1577668250,96,53.79,81.35,266.74,2.39
242,lerwick,100,GB,1577668250,87,60.15,-1.15,282.15,11.3
243,fortuna,75,US,1577668065,100,40.6,-124.16,284.15,1.8
244,kurumkan,21,RU,1577668251,82,54.33,110.32,241.62,0.88
245,luena,100,AO,1577668251,98,-11.78,19.91,290.58,2.02
246,aykhal,90,RU,1577668251,74,65.95,111.51,242.15,2.0
247,ca mau,44,VN,1577668173,86,9.18,105.15,297.49,2.0
248,kaeo,0,NZ,1577668252,67,-35.1,173.78,300.93,0.89
249,flinders,86,AU,1577668252,43,-34.58,150.85,304.15,3.1
250,moindou,90,NC,1577668252,48,-21.69,165.68,303.15,11.3
251,balikpapan,87,ID,1577668252,79,-1.24,116.86,299.8,2.1
252,murmashi,40,RU,1577668252,86,68.82,32.82,272.15,3.0
253,rawson,84,AR,1577668253,61,-43.3,-65.11,291.94,9.72
254,sorong,44,ID,1577668253,68,-0.86,131.25,302.23,0.99
255,santiago del estero,89,AR,1577668253,75,-27.8,-64.26,299.16,1.68
256,moussoro,92,TD,1577668253,18,13.64,16.49,291.54,4.24
257,mnogovershinnyy,96,RU,1577668254,89,53.94,139.92,251.95,1.8
258,synya,96,RU,1577668254,75,65.37,58.04,262.12,8.62
259,bodden town,49,KY,1577668254,88,19.28,-81.25,299.82,1.5
260,garoua,6,CM,1577668254,22,9.31,13.39,293.27,1.59
261,lukulu,100,ZM,1577668254,88,-14.38,23.24,293.42,1.88
262,tomatlan,50,MX,1577668255,57,19.93,-105.25,298.0,1.5
263,ahipara,0,NZ,1577668255,67,-35.17,173.16,300.93,0.89
264,vila franca do campo,20,PT,1577668255,81,37.72,-25.43,284.15,2.6
265,salinopolis,100,BR,1577668255,78,-0.61,-47.36,301.43,7.93
266,minab,20,IR,1577668255,93,27.15,57.07,288.15,2.3
267,portland,20,US,1577668118,64,43.66,-70.25,274.82,1.64
268,ambulu,98,ID,1577668250,76,-8.35,113.61,300.4,2.3
269,kruisfontein,98,ZA,1577668256,97,-34.0,24.73,291.97,1.04
270,marawi,43,PH,1577668256,60,8.0,124.29,301.48,1.34
271,agucadoura,0,PT,1577668256,87,41.43,-8.78,280.93,2.1
272,vezirkopru,75,TR,1577668145,93,41.14,35.45,276.15,2.1
273,kalmunai,100,LK,1577668215,69,7.42,81.82,299.79,4.6
274,ucluelet,90,CA,1577668209,100,48.94,-125.55,281.48,1.5
275,svetlaya,100,RU,1577668257,89,46.54,138.33,265.67,2.33
276,gueret,57,FR,1577668257,80,46.17,1.87,278.15,1.5
277,kota kinabalu,75,MY,1577668258,79,5.98,116.07,302.15,1.5
278,anadyr,40,RU,1577668258,74,64.73,177.51,242.59,5.0
279,lewiston,90,US,1577668258,69,44.1,-70.21,274.26,3.6
280,muyezerskiy,100,RU,1577668258,98,63.93,31.65,275.22,7.18
281,schattdorf,90,CH,1577668259,64,46.86,8.65,275.206,2.1
282,bonthe,2,SL,1577668259,80,7.53,-12.5,299.51,2.75
283,beringovskiy,0,RU,1577668259,86,63.05,179.32,251.3,9.68
284,muisne,97,EC,1577668259,85,0.61,-80.02,297.81,4.47
285,toktogul,100,KG,1577668260,97,41.87,72.95,268.06,0.89
286,bandar-e lengeh,0,IR,1577668260,82,26.56,54.88,289.15,2.1
287,sabha,12,LY,1577668260,50,27.03,14.43,279.68,2.9
288,zaraza,72,VE,1577668260,83,9.35,-65.33,297.1,3.1
289,cayenne,73,GF,1577668172,83,4.94,-52.33,300.15,1.5
290,yantal,100,RU,1577668261,85,56.85,105.25,247.68,1.64
291,san jeronimo,86,PE,1577668261,95,-13.65,-73.37,283.94,1.8
292,gimli,100,CA,1577668261,94,50.63,-96.99,262.59,4.47
293,winton,2,AU,1577668262,32,-22.38,143.04,306.42,6.59
294,mar del plata,70,AR,1577668262,56,-46.43,-67.52,290.22,5.18
295,grand gaube,75,MU,1577668262,94,-20.01,57.66,298.15,12.3
296,lata,40,IN,1577668262,18,30.78,78.62,263.17,3.9
297,arlit,0,NE,1577668263,24,18.74,7.39,289.5,4.8
298,vrangel,100,RU,1577668263,86,42.73,133.08,276.29,6.02
299,saint-georges,100,CA,1577668263,71,46.12,-70.67,269.26,1.1
300,mandera,42,ET,1577668263,44,3.94,41.86,301.81,4.0
301,vorozhba,100,UA,1577668264,81,51.17,34.23,270.09,1.87
302,tananger,90,NO,1577668264,93,58.94,5.59,282.15,5.7
303,ribeira grande,14,PT,1577668185,68,38.52,-28.7,286.15,3.61
304,nyurba,100,RU,1577668264,95,63.29,118.35,244.76,3.29
305,mandalgovi,0,MN,1577668265,75,45.76,106.27,244.69,1.82
306,corozal,40,BZ,1577668265,88,18.39,-88.39,299.15,2.6
307,daoukro,0,CI,1577668265,36,7.06,-3.97,296.88,1.38
308,pokosnoye,100,RU,1577668265,90,55.53,101.05,248.23,1.99
309,vestmannaeyjar,9,IS,1577668266,74,63.44,-20.27,278.17,10.49
310,kolondieba,6,ML,1577668266,18,11.09,-6.89,294.61,2.55
311,otane,25,NZ,1577668266,59,-39.89,176.62,297.04,4.92
312,gornyak,100,KZ,1577668266,90,51.0,81.46,268.96,10.39
313,tungor,98,RU,1577668266,96,53.39,142.95,252.69,5.15
314,rock island,90,US,1577668267,70,41.51,-90.58,282.04,7.2
315,novobirilyussy,100,RU,1577668267,86,56.95,90.69,254.11,1.21
316,guozhen,3,CN,1577668267,90,29.3,113.14,280.85,4.05
317,port macquarie,0,AU,1577668267,37,-31.43,152.91,307.59,7.2
318,chicama,90,PE,1577668267,83,-7.84,-79.15,294.15,3.6
319,isangel,75,VU,1577668268,78,-19.55,169.27,301.15,6.7
320,kanigiri,14,IN,1577668268,92,15.41,79.51,292.9,1.85
321,merauke,100,ID,1577668268,62,-8.49,140.4,304.7,1.18
322,kamaishi,75,JP,1577668268,85,39.28,141.86,269.15,1.0
323,surt,31,LY,1577668269,70,31.21,16.59,283.43,4.5
324,faanui,100,PF,1577668269,77,-16.48,-151.75,300.77,6.11
325,ignacio de la llave,40,MX,1577668269,94,18.73,-95.98,297.15,1.0
326,mao,20,DO,1577668269,83,19.55,-71.08,297.59,2.6
327,sioux lookout,90,CA,1577668269,85,50.1,-91.92,264.15,4.6
328,yumen,0,CN,1577668270,63,40.29,97.04,260.24,6.56
329,bata,95,GQ,1577668270,93,1.87,9.77,297.11,0.99
330,stromness,90,CA,1577668270,100,42.87,-79.55,279.26,10.8
331,teknaf,52,BD,1577668271,87,20.86,92.31,285.17,0.83
332,fairbanks,90,US,1577668217,77,64.84,-147.72,255.15,2.1
333,man,0,CI,1577668271,26,7.41,-7.55,295.82,0.9
334,tabou,0,CI,1577668205,92,4.42,-7.36,298.44,0.77
335,new baltimore,90,US,1577668271,100,42.68,-82.74,281.48,1.5
336,asyut,0,EG,1577668272,57,27.18,31.19,282.15,5.1
337,havre-saint-pierre,90,CA,1577668213,73,50.23,-63.6,266.15,5.1
338,erzin,100,TR,1577668272,100,36.95,36.2,283.15,5.1
339,ambilobe,99,MG,1577668272,90,-13.19,49.05,297.11,0.39
340,shahr-e kord,21,IR,1577668272,85,32.33,50.85,266.15,1.0
341,komsomolskiy,100,RU,1577668273,84,67.55,63.78,261.75,9.49
342,morehead,90,US,1577668273,93,38.18,-83.43,286.15,1.98
343,bandarbeyla,36,SO,1577668273,83,9.49,50.81,299.02,5.69
344,general roca,20,AR,1577668274,57,-39.03,-67.58,300.15,3.6
345,benguela,94,AO,1577668275,84,-12.58,13.4,298.52,1.14
346,shingu,75,JP,1577668275,87,33.72,135.99,287.15,6.7
347,caohe,0,CN,1577668275,83,32.93,105.08,270.59,1.94
348,hazorasp,100,UZ,1577668276,86,41.32,61.08,272.15,2.1
349,preobrazheniye,96,RU,1577668277,96,42.9,133.91,274.16,1.66
350,mayor pablo lagerenza,20,PY,1577668277,55,-19.93,-60.77,302.67,2.8
351,mankono,0,CI,1577668277,27,8.06,-6.19,296.83,0.52
352,bama,46,CN,1577668277,90,24.14,107.25,286.17,0.82
353,ligayan,63,PH,1577668278,76,4.65,119.47,301.17,5.85
354,norman wells,75,CA,1577668278,62,65.28,-126.83,247.15,8.2
355,gushikawa,75,JP,1577668278,94,26.35,127.87,295.15,5.7
356,sambava,61,MG,1577668279,96,-14.27,50.17,295.07,1.11
357,nishihara,90,JP,1577668279,40,35.74,139.53,282.04,2.1
358,bilibino,100,RU,1577668279,100,68.06,166.44,238.97,0.87
359,zverinogolovskoye,99,RU,1577668279,99,54.46,64.85,251.97,3.47
360,havoysund,75,NO,1577668279,76,71.0,24.66,273.15,6.2
361,waipawa,25,NZ,1577668280,59,-39.94,176.59,297.04,4.92
362,gambela,30,ET,1577668280,45,8.25,34.59,298.38,1.2
363,sabang,4,PH,1577668280,83,13.8,121.11,300.37,2.68
364,coquimbo,4,CL,1577668250,89,-29.95,-71.34,289.27,3.74
365,mozarlandia,79,BR,1577668280,79,-14.74,-50.57,298.45,1.67
366,sur,31,OM,1577668281,78,22.57,59.53,293.13,0.37
367,kiunga,59,PG,1577668281,89,-6.12,141.3,300.28,1.34
368,teya,40,MX,1577668281,83,21.05,-89.07,300.37,1.5
369,qandala,47,SO,1577668286,82,11.47,49.87,297.08,0.86
370,hatillo,40,PR,1577668287,88,18.49,-66.83,298.71,3.1
371,kudat,75,MY,1577668287,78,6.89,116.84,301.15,2.6
372,labuhan,79,ID,1577668287,88,-2.54,115.51,298.99,0.68
373,whitianga,92,NZ,1577668288,74,-36.83,175.7,292.46,4.92
374,richards bay,100,ZA,1577668288,89,-28.77,32.06,296.02,7.77
375,muri,90,CH,1577668288,100,46.93,7.49,274.594,1.0
376,makasar,75,ID,1577668288,83,-6.28,106.88,305.37,2.1
377,daru,88,PG,1577668288,70,-9.07,143.21,303.06,1.18
378,oban,100,GB,1577668289,91,56.42,-5.47,284.26,1.34
379,vanimo,98,PG,1577668256,74,-2.67,141.3,301.14,2.18
380,sept-iles,40,CA,1577668015,61,50.2,-66.38,264.26,5.1
381,leningradskiy,71,RU,1577668292,92,69.38,178.42,245.24,12.04
382,bonavista,97,CA,1577668228,89,48.65,-53.11,272.59,6.26
383,gwanda,47,ZW,1577668293,68,-20.94,29.0,292.94,2.73
384,deputatskiy,36,RU,1577668293,72,69.3,139.9,241.18,1.67
385,pajapita,40,GT,1577668293,83,14.72,-92.03,302.15,3.26
386,shenzhen,40,CN,1577668294,94,22.54,114.05,295.37,3.1
387,mantua,1,IT,1577668294,100,45.16,10.79,275.93,1.5
388,dingzhou,0,CN,1577668294,57,38.51,115.0,266.15,1.0
389,tolmezzo,0,IT,1577668295,89,46.41,13.02,273.15,2.81
390,hofgeismar,75,DE,1577668295,80,51.5,9.38,275.93,2.1
391,nabire,40,ID,1577668295,66,-3.36,135.5,302.94,0.24
392,lorengau,29,PG,1577668295,73,-2.02,147.27,301.55,2.78
393,saint-pierre,0,FR,1577668295,92,48.95,4.24,272.15,2.1
394,zhezkazgan,77,KZ,1577668296,91,47.8,67.71,258.19,3.8
395,naberera,100,TZ,1577668296,87,-4.2,36.93,293.2,1.74
396,biankouma,0,CI,1577668296,26,7.74,-7.61,295.82,0.9
397,kupang,20,ID,1577668297,79,-10.16,123.6,302.15,1.5
398,pochutla,20,MX,1577668297,78,15.74,-96.47,300.15,3.1
399,sicamous,90,CA,1577668297,92,50.84,-118.99,272.15,1.0
400,krasnohrad,77,UA,1577668297,77,49.38,35.45,270.8,2.8
401,jieshi,100,CN,1577668298,98,22.82,115.83,291.48,1.59
402,tilichiki,13,RU,1577668298,66,60.47,166.1,249.6,3.33
403,naples,20,IT,1577668173,52,40.84,14.25,281.48,6.7
404,vostok,100,RU,1577668298,95,46.45,135.83,263.91,1.56
405,airai,100,TL,1577668218,74,-8.93,125.41,297.76,0.75
406,panguipulli,27,CL,1577668299,60,-39.64,-72.33,290.83,1.84
407,tuy hoa,83,VN,1577668299,86,13.08,109.3,297.68,7.97
408,umm lajj,0,SA,1577668299,59,25.02,37.27,286.28,1.94
409,houma,60,CN,1577668299,35,35.63,111.36,270.31,2.19
410,thinadhoo,88,MV,1577668299,78,0.53,72.93,300.77,4.43
411,makakilo city,1,US,1577668300,65,21.35,-158.09,302.15,6.7
412,bambanglipuro,85,ID,1577668300,83,-7.95,110.28,299.73,1.27
413,rexburg,90,US,1577668300,73,43.82,-111.79,266.48,2.1
414,mala,55,PE,1577668300,83,-12.66,-76.63,291.69,1.63
415,zaoyang,0,CN,1577668301,74,32.12,112.76,278.25,3.42
416,morondava,80,MG,1577668302,96,-20.3,44.28,297.85,0.1
417,forestville,90,CA,1577668302,58,48.74,-69.09,269.15,7.7
418,pangody,100,RU,1577668302,91,65.85,74.49,262.87,7.01
419,talnakh,88,RU,1577668302,76,69.49,88.39,249.15,9.0
420,yazd,0,IR,1577668302,64,31.89,54.36,275.15,1.0
421,port blair,40,IN,1577668303,78,11.67,92.75,300.15,3.6
422,vila,75,IT,1577668303,100,45.18,8.4,277.15,2.6
423,te anau,100,NZ,1577668303,74,-45.41,167.72,287.35,2.16
424,kingston,20,JM,1577668074,74,17.97,-76.79,301.15,5.1
425,trat,9,TH,1577668303,100,12.25,102.51,300.93,1.0
426,pauini,98,BR,1577668304,98,-7.71,-67.0,295.35,0.5
427,ayan,16,IR,1577668304,77,38.23,44.7,265.47,2.98
428,eyl,79,SO,1577668304,81,7.98,49.82,299.08,7.03
429,rocha,17,UY,1577668305,88,-34.48,-54.34,293.15,1.91
430,hobyo,14,SO,1577668203,82,5.35,48.53,298.23,5.44
431,gao,0,ML,1577668306,14,16.28,-0.04,292.2,4.05
432,palmer,17,AU,1577668306,13,-34.85,139.16,314.15,8.7
433,tessaoua,0,NE,1577668084,21,13.76,7.99,288.94,4.6
434,yeniseysk,100,RU,1577668039,93,58.45,92.17,246.19,0.96
435,asha,92,RU,1577668307,96,54.99,57.29,256.1,1.98
436,lubyany,0,RU,1577668307,91,56.04,51.4,254.15,3.0
437,henties bay,18,NA,1577668307,92,-22.12,14.28,289.26,1.34
438,lishan,0,CN,1577668307,93,24.07,102.75,279.04,0.69
439,ugoofaaru,100,MV,1577668308,79,5.67,73.0,300.46,6.78
440,dolores,71,UY,1577668308,74,-33.53,-58.22,298.89,5.17
441,coihaique,91,CL,1577668308,34,-45.58,-72.07,293.15,3.6
442,poya,0,NC,1577668308,81,-21.35,165.16,297.7,8.86
443,arroyo,100,BO,1577668309,95,-11.08,-66.08,297.03,0.75
444,vanavara,100,RU,1577668309,97,60.35,102.28,245.31,2.81
445,buraydah,0,SA,1577668309,58,26.33,43.97,286.15,3.1
446,grenaa,100,DK,1577668309,81,56.42,10.88,280.15,5.7
447,mehamn,93,NO,1577668251,86,71.03,27.85,271.98,5.64
448,taltal,4,CL,1577668310,87,-25.41,-70.49,288.27,1.07
449,rio grande,0,BR,1577668310,84,-32.03,-52.1,298.15,4.83
450,bayanday,1,RU,1577668310,88,53.07,105.52,243.44,1.88
451,batangafo,6,CF,1577668311,21,7.3,18.29,294.56,1.01
452,trincomalee,98,LK,1577668311,96,8.58,81.23,295.19,0.7
453,puteyets,86,RU,1577668311,74,65.17,57.09,262.88,7.09
454,bafq,0,IR,1577668311,52,31.6,55.4,280.26,0.92
455,praia da vitoria,0,PT,1577668312,93,38.73,-27.07,283.15,1.92
456,manicore,77,BR,1577668313,96,-5.81,-61.3,297.29,0.54
457,diego de almagro,0,CL,1577668313,43,-26.39,-70.05,290.93,1.49
458,kununurra,79,AU,1577668313,56,-15.77,128.74,307.15,4.1
459,banda aceh,17,ID,1577668314,93,5.56,95.32,295.72,2.25
460,charlestown,100,US,1577668314,86,41.38,-71.64,277.59,1.42
461,porto novo,40,BR,1577668250,78,-23.68,-45.44,295.15,5.1
462,siderno,75,IT,1577668314,74,38.28,16.3,283.15,3.6
463,ankang,0,CN,1577668314,88,32.73,108.99,275.49,0.21
464,mutata,98,CO,1577668315,96,7.24,-76.44,295.28,0.42
465,guiratinga,37,BR,1577668315,66,-16.35,-53.76,298.76,2.2
466,atotonilco el alto,96,MX,1577668315,49,20.55,-102.51,292.51,1.3
467,oktyabrskiy,90,RU,1577668315,86,55.61,37.97,270.37,5.0
468,goderich,100,CA,1577668315,93,43.74,-81.71,277.04,9.83
469,hami,0,CN,1577668316,29,42.84,93.51,265.4,0.87
470,watsa,94,CD,1577668316,59,3.04,29.53,291.01,0.79
471,kilindoni,100,TZ,1577668316,82,-7.91,39.67,301.16,9.03
472,kokoda,70,PG,1577668316,77,-8.88,147.74,295.23,2.26
473,san luis,100,AR,1577668041,48,-33.3,-66.34,299.9,6.75
474,pontianak,48,ID,1577668317,96,-0.02,109.34,297.76,0.98
475,roma,0,IT,1577668267,59,41.89,12.48,278.15,1.0
476,beidao,59,CN,1577668317,56,34.57,105.89,268.97,1.18
477,banjar,100,ID,1577668317,87,-7.37,108.54,298.43,0.76
478,san cristobal,50,HN,1577668318,80,14.68,-86.92,294.01,3.66
479,van,20,TR,1577668318,80,38.51,43.37,272.15,2.1
480,lavrentiya,0,RU,1577668318,88,65.58,-170.99,251.58,4.99
481,bauchi,0,NG,1577668318,21,10.31,9.85,288.27,2.24
482,saldanha,4,PT,1577668318,53,41.42,-6.55,278.46,0.83
483,gat,67,SN,1577668209,46,14.69,-16.54,296.15,4.6
484,college,90,US,1577668319,77,64.86,-147.8,255.15,2.08
485,margate,0,AU,1577668319,30,-43.03,147.26,309.82,2.6
486,elban,100,RU,1577668319,97,50.1,136.51,252.97,2.43
487,vao,100,EE,1577668249,90,59.1,26.19,276.11,8.37
488,babenhausen,73,DE,1577668320,64,52.06,8.49,278.15,1.5
489,colares,0,PT,1577668222,87,38.8,-9.45,286.48,2.1
490,churapcha,66,RU,1577668320,97,62.0,132.43,233.01,1.26
491,sao luis de montes belos,27,BR,1577668320,85,-16.52,-50.37,295.82,1.03
492,berlevag,86,NO,1577668320,77,70.86,29.09,275.0,7.52
493,zemio,76,CF,1577668321,27,5.02,25.13,292.03,1.22
494,galle,4,GN,1577668321,41,10.08,-12.83,294.57,1.45
495,ormara,0,PK,1577668321,62,25.21,64.64,295.31,4.45
496,alugan,32,PH,1577668322,81,12.22,125.48,300.5,6.94
497,batemans bay,14,AU,1577668322,79,-35.71,150.18,309.26,3.58
498,kargil,22,PK,1577668322,28,34.56,76.13,247.02,0.63
499,sevierville,90,US,1577668322,68,35.87,-83.56,295.15,0.94
500,harrison,90,US,1577668242,93,39.26,-84.82,287.15,3.6
501,jeffersontown,90,US,1577668323,93,38.19,-85.56,287.04,3.1
502,kavieng,32,PG,1577668323,71,-2.57,150.8,302.3,4.64
503,puerto del rosario,41,ES,1577668286,77,28.5,-13.86,291.15,2.6
504,alekseyevsk,100,RU,1577668323,85,57.84,108.35,247.31,1.52
505,abrau-dyurso,75,RU,1577668324,86,44.7,37.6,277.15,9.0
506,whithorn,30,JM,1577668324,88,18.26,-78.04,298.71,0.45
507,puerto escondido,75,MX,1577668324,74,15.86,-97.07,300.15,1.5
508,santa isabel,1,MX,1577668325,40,32.63,-115.58,287.15,2.1
509,amuntai,79,ID,1577668325,88,-2.42,115.25,298.99,0.68
510,los llanos de aridane,100,ES,1577668325,39,28.66,-17.92,292.15,2.6
511,palembang,82,ID,1577668326,97,-2.99,104.76,297.62,0.19
512,saint-augustin,90,CA,1577668326,73,45.63,-73.98,271.48,4.6
513,terrace,90,CA,1577668281,93,54.52,-128.61,275.37,1.0
514,dom pedrito,2,BR,1577668326,48,-30.98,-54.67,302.23,3.68
515,mount isa,23,AU,1577668327,23,-20.73,139.49,310.15,3.1
516,siverek,75,TR,1577668327,100,37.75,39.32,279.15,9.8
517,skibbereen,75,IE,1577668327,100,51.55,-9.27,281.15,6.7
518,arman,100,RU,1577668327,67,59.7,150.17,261.83,3.49
519,nuevo laredo,5,US,1577668328,29,27.49,-99.5,292.15,5.66
520,victor harbor,1,AU,1577668328,13,-35.55,138.62,314.15,8.7
521,ushtobe,100,KZ,1577668328,91,45.25,77.98,276.05,5.69
522,paamiut,0,GL,1577668328,72,61.99,-49.67,268.02,2.46
523,abancay,61,PE,1577668328,92,-13.64,-72.88,285.11,2.9
524,lakatoro,0,VU,1577668329,100,-16.11,167.42,303.15,4.1
525,peto,95,MX,1577668329,82,20.13,-88.92,298.06,1.49
526,kloulklubed,75,PW,1577668329,74,7.04,134.26,302.15,6.7
527,susanville,90,US,1577668329,69,40.42,-120.65,276.15,1.5
528,mattru,0,SL,1577668329,87,7.62,-11.83,297.63,1.09
529,riachao das neves,64,BR,1577668330,89,-11.75,-44.91,294.68,1.37
530,mezen,100,RU,1577668330,88,65.85,44.24,269.14,9.06
531,tocopilla,0,CL,1577668330,47,-22.09,-70.2,288.59,0.75
532,olinda,17,AU,1577668330,13,-37.84,145.39,312.59,10.3
533,zonguldak,97,TR,1577668331,93,41.25,31.83,273.09,0.71
534,elbistan,100,TR,1577668331,99,38.2,37.19,273.04,1.9
535,torbay,90,CA,1577668331,92,47.66,-52.73,273.15,9.8
536,ukiah,90,US,1577668331,87,39.15,-123.21,284.82,2.6
537,asmara,85,ER,1577668087,88,15.34,38.93,289.42,1.61
538,voskresenskoye,48,RU,1577668332,96,56.84,45.43,261.6,1.81
539,barcelos,100,BR,1577668332,97,-0.97,-62.93,297.39,0.9
540,albertville,75,FR,1577668332,92,45.68,6.39,277.15,1.5
541,baiyin,0,CN,1577668332,70,36.55,104.13,267.59,3.0
542,iquitos,40,PE,1577668332,88,-3.75,-73.25,299.15,2.6
543,gupitan,28,PH,1577668333,87,7.78,125.64,295.69,0.58
544,am timan,15,TD,1577668333,19,11.04,20.28,292.11,1.69
545,abu samrah,55,SY,1577668333,94,35.3,37.18,281.1,3.25
546,muros,0,ES,1577668333,93,42.77,-9.06,285.37,0.5
547,anacortes,90,US,1577668202,81,48.5,-122.62,282.59,1.5
548,kropotkin,78,RU,1577668334,80,45.43,40.58,275.93,6.36
549,pangnirtung,100,CA,1577668334,99,66.15,-65.72,253.08,0.46
550,ellensburg,90,US,1577668334,74,47.0,-120.55,276.15,1.5
551,kalabo,100,ZM,1577668335,82,-15.0,22.67,294.51,1.15
